title,description,category_id,work_type_id,city_id,price,expire_date;;;;;;
Test,Suspendisse potenti. In eleifend quam a odio. In hac habitasse platea dictumst.,2,3,4,,;;;;;;
Test,Suspendisse potenti. In eleifend quam a odio. In hac habitasse platea dictumst.,6,8,4,,;;;;;;
Test,Suspendisse potenti. In eleifend quam a odio. In hac habitasse platea dictumst.,2,3,4,,;;;;;;
Test,Suspendisse potenti. In eleifend quam a odio. In hac habitasse platea dictumst.,2,3,4,,;;;;;;
Test,Suspendisse potenti. In eleifend quam a odio. In hac habitasse platea dictumst.,2,3,4,,;;;;;;
Test,Suspendisse potenti. In eleifend quam a odio. In hac habitasse platea dictumst.,2,3,4,,;;;;;;
Test,Suspendisse potenti. In eleifend quam a odio. In hac habitasse platea dictumst.,2,3,4,,;;;;;;
Test,Suspendisse potenti. In eleifend quam a odio. In hac habitasse platea dictumst.,2,3,4,,;;;;;;
Test,Suspendisse potenti. In eleifend quam a odio. In hac habitasse platea dictumst.,2,3,4,,;;;;;;
